Chain,Buy URL
415ERZ,https://www.didchain.com/products/415erz-1
420NZ3,https://www.didchain.com/products/420nz3
428NZ,https://www.didchain.com/products/428nz
520ERS3,https://www.didchain.com/products/520ers3
520ERT3,https://www.didchain.com/products/520ert3
520MX,https://www.didchain.com/products/520mx
520DZ2,https://www.didchain.com/products/520dz2
520ERVT,https://www.didchain.com/products/520ervt
520ATV2,https://www.didchain.com/products/520atv2
520ERV7,https://www.didchain.com/products/520erv7
520ZVM-X,https://www.didchain.com/products/520zvm-x
525ZVM-X2,https://www.didchain.com/products/525zvm-x2
530ZVM-X2,https://www.didchain.com/products/530zvm-x2
428VX,https://www.didchain.com/products/428vx
520VX3,https://www.didchain.com/products/520vx3
525VX3,https://www.didchain.com/products/525vx3
530VX3,https://www.didchain.com/products/530vx3
420V,https://www.didchain.com/products/420v
520VO,https://www.didchain.com/products/520vo
525VO,https://www.didchain.com/products/525vo
530VO,https://www.didchain.com/products/530vo
630V,https://www.didchain.com/collections/didchains
520NZ,https://www.didchain.com/products/520nz
525NZ,https://www.didchain.com/products/525nz
530NZ,https://www.didchain.com/products/530nz
420D,https://www.didchain.com/collections/didchains
428D,https://www.didchain.com/products/428d
428HD,https://www.didchain.com/products/428hd
520,https://www.didchain.com/products/520d-standard
525,https://www.didchain.com/collections/didchains
530,https://www.didchain.com/collections/didchains
